county;PID;state;area;poptotal;popdensity;popwhite;popblack;popamerindian;popasian;popother;percwhite;percblack;percamerindan;percasian
ADAMS;561;IL;0.052;66090;127.096.154;63917;1702;98;249;124;967.120.593;257.527.614;0.14828264;0.37675897
ALEXANDER;562;IL;0.014;10626;759;7054;3496;19;48;9;663.843.403;329.004.329;0.1788067;0.45172219
BOND;563;IL;0.022;14991;681.409.091;14477;429;35;16;34;965.712.761;286.171.703;0.23347342;0.10673071
BOONE;564;IL;0.017;30806;181.211.765;29344;127;46;150;1139;952.541.713;0.41225735;0.14932156;0.48691813
BROWN;565;IL;0.018;5836;324.222.222;5264;547;14;5;6;901.987.663;937.285.812;0.23989034;0.08567512
BUREAU;566;IL;0.05;35688;713.76;35157;50;65;195;221;985.121.049;0.14010312;0.18213405;0.54640215
CALHOUN;567;IL;0.017;5322;313.058.824;5298;1;8;15;0;995.490.417;0.01878993;0.15031943;0.28184893
CARROLL;568;IL;0.027;16805;622.407.407;16519;111;30;61;84;982.981.256;0.6605177;0.1785183;0.36298721
CASS;569;IL;0.024;13437;559.875;13384;16;8;23;6;996.055.667;0.1190742;0.0595371;0.17116916
CHAMPAIGN;570;IL;0.058;173025;298.318.966;146506;16559;331;8033;1596;846.733.131;957.029.331;0.19130183;464.268.169
CHRISTIAN;571;IL;0.042;34418;81.947.619;34176;82;51;89;20;992.968.795;0.23824743;0.14817828;0.25858562
CLARK;572;IL;0.03;15921;530.7;15842;10;26;36;7;995.038;0.06281012;0.16330632;0.22611645
CLAY;573;IL;0.028;14460;516.428.571;14403;4;17;29;7;996.058.091;0.02766252;0.1175657;0.20055325
CLINTON;574;IL;0.029;33944;117.048.276;32688;1021;48;104;83;962.997.879;300.789.536;0.14140938;0.30638699
COLES;575;IL;0.03;51644;172.146.667;50177;925;92;341;109;97.159.399;179.110.836;0.17814267;0.66028968
COOK;576;IL;0.058;5105067;880.183.966;3204947;1317147;10289;188565;384119;627.797.245;258.007.779;0.20154486;369.368.316
CRAWFORD;577;IL;0.026;19464;748.615.385;19300;63;34;48;19;991.574.188;0.32367448;0.17468146;0.24660912
CUMBERLAND;578;IL;0.02;10670;533.5;10627;5;6;26;6;995.970.009;0.04686036;0.05623243;0.24367385
DE KALB;579;IL;0.038;77932;205.084.211;72968;2069;123;1751;1021;936.303.444;265.487.861;0.1578299;224.683.057
DE WITT;580;IL;0.023;16516;718.086.957;16387;25;37;43;24;992.189.392;0.15136837;0.22402519;0.2603536
DOUGLAS;581;IL;0.025;19464;778.56;19280;16;19;41;108;99.054.665;0.08220304;0.09761611;0.21064529
DU PAGE;582;IL;0.02;781666;39083.3;714905;15462;962;39634;10703;914.591.398;197.808.271;0.12307047;507.045.209
EDGAR;583;IL;0.036;19595;544.305.556;19469;68;24;24;10;993.569.788;0.3470273;0.12248022;0.12248022
EDWARDS;584;IL;0.014;7440;531.428.571;7401;6;8;19;6;994.758.065;0.08064516;0.10752688;0.25537634
EFFINGHAM;585;IL;0.028;31704;113.228.571;31523;12;45;95;29;994.290.941;0.03785011;0.14193793;0.29964673
FAYETTE;586;IL;0.044;20893;474.840.909;20148;599;40;35;71;964.342.124;286.698.894;0.19145168;0.16752022
FORD;587;IL;0.03;14275;475.833.333;14157;43;14;40;21;9.917.338;0.30122592;0.09807356;0.28021016
FRANKLIN;588;IL;0.025;40319;1612.76;40068;36;106;84;25;993.774.647;0.08928793;0.26290335;0.2083385
FULTON;589;IL;0.052;38080;732.307.692;37117;668;83;105;107;974.711.134;175.420.168;0.21796218;0.27573529
GALLATIN;590;IL;0.019;6909;363.631.579;6842;42;10;11;4;990.302.504;0.60790274;0.14473875;0.15921262
GREENE;591;IL;0.033;15317;464.151.515;15231;14;50;17;5;994.385.323;0.09140171;0.32643468;0.11098779
GRUNDY;592;IL;0.026;32337;124.373.077;31864;21;45;113;294;985.372.793;0.06494109;0.13915948;0.34944491
HAMILTON;593;IL;0.025;8499;339.96;8462;3;11;21;2;995.646.547;0.03529827;0.12942699;0.24708789
HANCOCK;594;IL;0.047;21373;454.744.681;21272;26;25;37;13;995.274.412;0.12164881;0.11697001;0.17311561
HARDIN;595;IL;0.009;5189;576.555.556;5062;85;16;13;13;975.525.149;163.808.056;0.30834458;0.25052997
HENDERSON;596;IL;0.023;8096;352;8037;8;29;10;12;992.712.451;0.09881423;0.35820158;0.12351779
HENRY;597;IL;0.051;51159;100.311.765;49969;657;63;128;342;976.739.186;128.423.151;0.12314549;0.25020036
IROQUOIS;598;IL;0.067;30787;459.507.463;30154;164;43;69;357;979.439.374;0.53269237;0.13966934;0.22412057
JACKSON;599;IL;0.036;61067;169.630.556;51991;6342;109;2178;447;851.376.357;103.853.145;0.17849248;356.657.442
JASPER;600;IL;0.029;10609;365.827.586;10574;1;11;17;6;996.700.914;0.00942596;0.10368555;0.1602413
JEFFERSON;601;IL;0.033;37020;112.181.818;34856;1924;56;129;55;941.545.111;519.719.071;0.15126958;0.34846029
JERSEY;602;IL;0.023;20539;893;20346;96;43;32;22;990.603.243;0.46740348;0.20935781;0.15580116
JO DAVIESS;603;IL;0.035;21821;623.457.143;21732;14;20;29;26;99.592.136;0.06415838;0.09165483;0.1328995
JOHNSON;604;IL;0.02;11347;567.35;10230;1046;26;14;31;901.559.884;921.829.558;0.22913545;0.12338063
KANE;605;IL;0.029;317471;109.472.759;269675;19006;620;4474;23696;849.447.666;598.668.855;0.19529343;140.926.258
KANKAKEE;606;IL;0.039;96255;246.807.692;80194;14399;150;644;868;833.141.136;149.592.229;0.15583606;0.66905615
KENDALL;607;IL;0.018;39413;218.961.111;38019;210;73;224;887;964.630.959;0.53281912;0.18521808;0.5683404
KNOX;608;IL;0.042;56393;134.269.048;52413;2860;85;320;715;929.423.865;507.155.143;0.15072793;0.56744631
LAKE;609;IL;0.028;516418;18443.5;450666;34771;1198;12588;17195;872.676.785;673.311.155;0.23198262;243.756.027
LA SALLE;610;IL;0.068;106913;1572.25;103805;1153;206;523;1226;970.929.634;107.844.696;0.19268003;0.48918279
LAWRENCE;611;IL;0.022;15972;726;15759;151;31;21;10;986.664.162;0.94540446;0.19408966;0.13148009
LEE;612;IL;0.043;34392;799.813.953;32530;1222;84;181;375;945.859.502;35.531.519;0.24424285;0.52628518
LIVINGSTON;613;IL;0.062;39301;633.887.097;36551;2115;62;131;442;930.027.226;538.154.245;0.1577568;0.33332485
LOGAN;614;IL;0.036;30798;855.5;29223;1291;37;143;104;948.860.316;419.183.064;0.12013767;0.46431586
MCDONOUGH;615;IL;0.034;35244;103.658.824;32992;1254;65;802;131;936.102.599;355.805.243;0.18442856;227.556.464
MCHENRY;616;IL;0.036;183241;509.002.778;178895;310;299;1293;2444;976.282.601;0.16917611;0.16317309;0.70562811
MCLEAN;617;IL;0.068;129180;189.970.588;121057;5563;203;1624;733;937.118.749;430.639.418;0.15714507;125.716.055
MACON;618;IL;0.035;117206;334.874.286;102197;14135;157;506;211;871.943.416;120.599.628;0.13395219;0.43171851
MACOUPIN;619;IL;0.05;47679;953.58;47077;379;94;88;41;987.373.896;0.79489922;0.19715179;0.18456763
MADISON;620;IL;0.045;249238;553.862.222;230217;16136;683;1420;782;923.683.387;647.413.316;0.27403526;0.56973656
MARION;621;IL;0.035;41561;118.745.714;39647;1519;106;232;57;95.394.721;365.486.875;0.2550468;0.55821563
MARSHALL;622;IL;0.023;12846;558.521.739;12752;17;30;28;19;992.682.547;0.13233691;0.23353573;0.21796668
MASON;623;IL;0.033;16269;493;16180;8;27;38;16;994.529.473;0.04917327;0.1659598;0.23357305
MASSAC;624;IL;0.014;14752;105.371.429;13804;870;37;31;10;935.737.527;589.750.542;0.25081345;0.210141
MENARD;625;IL;0.018;11164;620.222.222;11101;9;29;14;11;994.356.861;0.08061627;0.25976353;0.12540308
MERCER;626;IL;0.033;17290;523.939.394;17155;30;33;35;37;992.192.019;0.1735107;0.19086177;0.20242915
MONROE;627;IL;0.023;22422;974.869.565;22262;13;53;57;37;992.864.151;0.05797877;0.23637499;0.25421461
MONTGOMERY;628;IL;0.041;30728;749.463.415;29956;559;49;66;98;974.876.334;181.918.771;0.15946368;0.21478782
MORGAN;629;IL;0.033;36397;110.293.939;34561;1510;48;130;148;949.556.282;414.869.357;0.131879;0.35717229
MOULTRIE;630;IL;0.021;13930;663.333.333;13884;8;22;13;3;996.697.775;0.05743001;0.15793252;0.09332376
OGLE;631;IL;0.045;45957;102.126.667;44895;66;87;136;773;976.891.442;0.14361251;0.1893074;0.2959288
PEORIA;632;IL;0.038;182827;481.123.684;154298;24892;312;2225;1100;843.956.308;136.150.569;0.17065313;121.699.749
PERRY;633;IL;0.026;21412;823.538.462;20901;399;26;63;23;976.134.878;186.344.106;0.12142724;0.29422754
PIATT;634;IL;0.025;15548;621.92;15508;8;16;11;5;997.427.322;0.05145356;0.10290713;0.07074865
PIKE;635;IL;0.049;17577;358.714.286;17499;8;24;32;14;995.562.383;0.04551402;0.13654207;0.1820561
POPE;636;IL;0.022;4373;198.772.727;4072;266;15;6;14;931.168.534;60.827.807;0.34301395;0.13720558
PULASKI;637;IL;0.011;7523;683.909.091;5032;2466;8;7;10;668.882.095;327.794.763;0.10634056;0.09304799
PUTNAM;638;IL;0.01;5730;573;5616;9;7;7;91;980.104.712;0.15706806;0.12216405;0.12216405
RANDOLPH;639;IL;0.036;34583;960.638.889;31532;2852;54;83;62;911.777.463;824.682.648;0.15614608;0.24000231
RICHLAND;640;IL;0.022;16545;752.045.455;16442;17;24;43;19;993.774.554;0.10275008;0.14505893;0.25989725
ROCK ISLAND;641;IL;0.028;148723;531.153.571;133428;10488;354;1017;3436;897.157.803;705.203.634;0.2380264;0.6838216
ST CLAIR;642;IL;0.04;262852;6571.3;187866;71275;585;2007;1119;714.721.592;271.160.197;0.2225587;0.76354755
SALINE;643;IL;0.022;26551;120.686.364;25452;931;66;40;62;958.607.962;350.645.927;0.24857821;0.15065346
SANGAMON;644;IL;0.051;178386;349.776.471;162013;14364;290;1377;342;908.215.891;805.220.141;0.16256881;0.77192156
SCHUYLER;645;IL;0.026;7498;288.384.615;7479;2;9;6;2;997.465.991;0.02667378;0.12003201;0.08002134
SCOTT;646;IL;0.015;5644;376.266.667;5634;1;6;3;0;998.228.207;0.01771793;0.10630758;0.05315379
SHELBY;647;IL;0.044;22261;505.931.818;22190;14;27;27;3;996.810.566;0.06289026;0.12128835;0.12128835
STARK;648;IL;0.017;6534;384.352.941;6496;8;8;21;1;994.184.267;0.12243649;0.12243649;0.32139578
STEPHENSON;649;IL;0.033;48052;145.612.121;44524;3081;58;304;85;926.579.539;641.180.388;0.12070257;0.63264796
TAZEWELL;650;IL;0.039;123692;317.158.974;122639;186;221;432;214;991.486.919;0.15037351;0.1786696;0.3492546
UNION;651;IL;0.024;17619;734.125;17313;122;34;53;97;982.632.385;0.6924343;0.19297349;0.30081162
VERMILION;652;IL;0.052;88257;1697.25;78956;7841;165;507;788;894.614.591;888.428.113;0.18695401;0.57445868
WABASH;653;IL;0.012;13111;109.258.333;12955;40;11;80;25;988.101.594;0.30508733;0.08389902;0.61017466
WARREN;654;IL;0.033;19181;581.242.424;18630;356;20;70;105;971.273.656;185.600.334;0.10426985;0.36494448
WASHINGTON;655;IL;0.033;14965;453.484.848;14856;46;31;26;6;992.716.338;0.3073839;0.20715002;0.17373872
WAYNE;656;IL;0.042;17241;410.5;17141;9;31;44;16;994.199.872;0.05220115;0.17980396;0.25520561
WHITE;657;IL;0.029;16522;569.724.138;16397;41;37;35;12;99.243.433;0.24815398;0.22394383;0.21183876
WHITESIDE;658;IL;0.041;60186;146.795.122;57135;417;85;187;2362;949.307.148;0.69285216;0.14122886;0.31070349
WILL;659;IL;0.05;357313;7146.26;303420;38361;692;4774;10066;849.171.455;107.359.654;0.19366774;133.608.349
WILLIAMSON;660;IL;0.025;57733;2309.32;56135;1147;112;252;87;972.320.856;198.673.203;0.1939965;0.43649213
Winnebago;661;IL;0.03;252913;843.043.333;222439;23256;651;2986;3581;879.507.973;919.525.687;0.25740077;118.064.315
WOODFORD;662;IL;0.032;32653;102.040.625;32388;64;54;102;45;99.188.436;0.19600037;0.16537531;0.31237559
ADAMS;663;IN;0.021;31095;148.071.429;30530;36;42;60;427;981.829.876;0.11577424;0.13506995;0.19295707
ALLEN;664;IN;0.041;300836;733.746.341;264086;30314;892;2644;2900;877.840.418;100.765.866;0.29650707;0.87888418
BARTHOLOMEW;665;IN;0.022;63657;2893.5;61774;1005;97;610;171;970.419.593;157.877.374;0.15237916;0.95826068
BENTON;666;IN;0.024;9441;393.375;9389;6;16;1;29;994.492.109;0.06355259;0.16947357;0.0105921
BLACKFORD;667;IN;0.01;14067;1406.7;13978;7;44;16;22;993.673.136;0.04976185;0.3127888;0.11374138
BOONE;668;IN;0.024;38147;158.945.833;37814;83;90;94;66;991.270.611;0.21757936;0.23592943;0.24641518
BROWN;669;IN;0.019;14080;741.052.632;13968;13;47;18;34;992.045.455;0.09232955;0.33380682;0.12784091
CARROLL;670;IN;0.022;18809;854.954.545;18720;19;22;3;45;995.268.223;0.10101547;0.11696528;0.01594981
CASS;671;IN;0.024;38413;160.054.167;37765;330;138;114;66;983.130.711;0.85908416;0.35925338;0.29677453
CLARK;672;IN;0.022;87777;398.986.364;82289;4703;192;356;237;937.477.927;535.789.558;0.21873612;0.40557321
CLAY;673;IN;0.021;24705;117.642.857;24522;113;41;15;14;992.592.593;0.45739729;0.16595831;0.06071645
CLINTON;674;IN;0.023;30974;134.669.565;30657;36;51;61;169;98.976.561;0.11622651;0.16465423;0.19693937
CRAWFORD;675;IN;0.018;9914;550.777.778;9868;9;26;11;0;995.360.097;0.09078071;0.2622554;0.11095421
DAVIESS;676;IN;0.026;27533;105.896.154;27372;99;26;20;16;994.152.472;0.35956852;0.09443214;0.0726401
DEARBORN;677;IN;0.019;38835;204.394.737;38440;252;53;75;15;989.828.763;0.64889919;0.13647483;0.19312476
DECATUR;678;IN;0.022;23645;107.477.273;23444;39;19;129;14;99.149.926;0.16493973;0.08035525;0.54556989
DE KALB;679;IN;0.022;35324;160.563.636;35009;37;91;88;99;99.108.255;0.10474465;0.25761522;0.24912241
DELAWARE;680;IN;0.023;119659;520.256.522;111232;7167;274;641;345;929.574.875;598.952.022;0.22898403;0.53568892
DUBOIS;681;IN;0.026;36616;140.830.769;36466;33;30;55;32;99.590.343;0.09012454;0.0819314;0.15020756
ELKHART;682;IN;0.027;156198;578.511.111;146505;7106;453;997;1137;937.944.148;454.935.403;0.29001652;0.63829242
FAYETTE;683;IN;0.012;26015;216.791.667;25462;435;37;69;12;978.743.033;167.211.224;0.14222564;0.2652316
FLOYD;684;IN;0.009;64404;7156;61415;2642;92;175;80;953.589.839;410.222.968;0.14284827;0.27172225
FOUNTAIN;685;IN;0.025;17808;712.32;17726;4;25;27;26;995.395.328;0.02246181;0.14038634;0.15161725
FRANKLIN;686;IN;0.023;19580;851.304.348;19496;10;34;27;13;995.709.908;0.05107252;0.17364658;0.13789581
FULTON;687;IN;0.021;18840;897.142.857;18555;151;47;36;51;984.872.611;0.8014862;0.24946921;0.1910828
GIBSON;688;IN;0.029;31913;110.044.828;31146;596;38;104;29;975.965.907;186.757.748;0.11907373;0.325886
GRANT;689;IN;0.024;74169;3.090.375;67817;5047;298;373;634;914.357.751;680.472.974;0.40178511;0.50290553
GREENE;690;IN;0.033;30410;921.515.152;30248;10;47;65;40;994.672.805;0.03288392;0.15455442;0.21374548
HAMILTON;691;IN;0.024;108936;4539;106764;676;163;1190;143;980.061.688;0.62054784;0.14962914;109.238.452
HANCOCK;692;IN;0.017;45527;267.805.882;45173;44;59;176;75;992.224.394;0.09664595;0.12959343;0.38658379
HARRISON;693;IN;0.028;29890;1067.5;29641;124;58;36;31;991.669.455;0.41485447;0.19404483;0.12044162
HENDRICKS;694;IN;0.024;75717;3.154.875;74519;685;157;275;81;984.177.926;0.90468455;0.20735106;0.36319453
HENRY;695;IN;0.024;48139;200.579.167;47446;474;78;78;63;985.604.188;0.98464862;0.16203079;0.16203079
HOWARD;696;IN;0.016;80827;50.516.875;75420;4398;226;457;326;933.104.037;544.125.107;0.27960954;0.56540512
HUNTINGTON;697;IN;0.023;35427;154.030.435;35012;52;154;133;76;988.285.771;0.1467807;0.4346967;0.37541988
JACKSON;698;IN;0.03;37730;125.766.667;37289;138;66;189;48;988.311.688;0.36575669;0.17492711;0.50092764
JASPER;699;IN;0.034;24960;734.117.647;24659;111;60;40;90;987.940.705;0.44471154;0.24038462;0.16025641
JAY;700;IN;0.022;21512;977.818.182;21313;30;32;67;70;990.749.349;0.13945705;0.14875418;0.31145407
JEFFERSON;701;IN;0.021;29797;141.890.476;29181;363;58;122;73;979.326.778;121.824.345;0.19465047;0.40943719
JENNINGS;702;IN;0.021;23661;112.671.429;23347;209;31;51;23;986.729.217;0.88331009;0.13101729;0.21554457
JOHNSON;703;IN;0.018;88109;489.494.444;86455;845;139;534;136;981.227.797;0.95903937;0.15775914;0.60606748
KNOX;704;IN;0.031;39884;128.658.065;39107;486;69;178;44;980.518.504;121.853.375;0.1730017;0.44629425
KOSCIUSKO;705;IN;0.032;65294;20.404.375;64058;309;118;322;487;981.070.236;0.4732441;0.18072105;0.49315404
LAGRANGE;706;IN;0.022;29477;133.986.364;29156;44;59;92;126;989.110.154;0.14926892;0.20015605;0.31210775
LAKE;707;IN;0.03;475594;158.531.333;334203;116688;865;2772;21066;70.270.651;245.352.128;0.18187782;0.58285008
LA PORTE;708;IN;0.036;107066;297.405.556;96286;9580;259;431;510;899.314.442;894.775.185;0.24190686;0.40255543
LAWRENCE;709;IN;0.027;42836;158.651.852;42536;109;88;77;26;992.996.545;0.25445887;0.20543468;0.17975535
MADISON;710;IN;0.026;130669;502.573.077;119734;9870;299;415;351;91.631.527;755.343.655;0.22882244;0.31759637
MARION;711;IN;0.023;797159;34.659.087;615039;169654;1698;7579;3189;771.538.677;212.823.289;0.21300644;0.95075136
MARSHALL;712;IN;0.026;42182;162.238.462;41508;76;72;151;375;984.021.621;0.18017164;0.17068892;0.35797259
MARTIN;713;IN;0.021;10369;493.761.905;10321;12;14;14;8;995.370.817;0.11572958;0.13501784;0.13501784
MIAMI;714;IN;0.024;36897;1.537.375;34784;1115;571;224;203;942.732.471;30.219.259;154.755.129;0.60709543
MONROE;715;IN;0.024;108978;4540.75;102752;2835;216;2713;462;942.869.203;260.144.249;0.19820514;248.949.329
MONTGOMERY;716;IN;0.03;34436;114.786.667;33971;201;68;138;58;98.649.669;0.58369149;0.19746777;0.40074341
MORGAN;717;IN;0.024;55920;2330;55635;9;137;91;48;994.903.433;0.01609442;0.24499285;0.16273247
NEWTON;718;IN;0.024;13551;564.625;13436;9;39;24;43;991.513.541;0.06641576;0.28780164;0.1771087
NOBLE;719;IN;0.025;37877;1515.08;37456;58;83;98;182;988.885.075;0.15312723;0.21913034;0.25873221
OHIO;720;IN;0.005;5315;1063;5255;41;8;9;2;988.711.195;0.77140169;0.1505174;0.16933208
ORANGE;721;IN;0.023;18409;800.391.304;18213;127;40;21;8;989.353.034;0.68987995;0.21728502;0.11407464
OWEN;722;IN;0.023;17281;751.347.826;17167;44;46;18;6;99.340.316;0.25461489;0.2661883;0.10416064
PARKE;723;IN;0.027;15410;570.740.741;15222;118;42;16;12;98.780.013;0.76573653;0.27255029;0.10382868
PERRY;724;IN;0.022;19107;868.5;18819;210;32;32;14;98.492.699;109.907.364;0.16747789;0.16747789
PIKE;725;IN;0.02;12509;625.45;12469;3;16;19;2;996.802.302;0.02398273;0.12790791;0.15189064
PORTER;726;IN;0.026;128932;495.892.308;126329;454;243;944;962;979.811.063;0.3521236;0.18847144;0.7321689
POSEY;727;IN;0.025;25968;1038.72;25588;283;38;34;25;985.366.605;108.980.283;0.14633395;0.13093038
PULASKI;728;IN;0.026;12643;486.269.231;12509;65;21;20;28;98.940.125;0.51411848;0.16609982;0.1581903
PUTNAM;729;IN;0.029;30315;104.534.483;29196;826;77;154;62;96.308.758;272.472.373;0.25399967;0.50799934
RANDOLPH;730;IN;0.026;27148;104.415.385;26947;56;49;37;59;99.259.614;0.20627671;0.18049212;0.13628997
RIPLEY;731;IN;0.025;24616;984.64;24501;16;44;38;17;995.328.242;0.06499838;0.17874553;0.15437114
RUSH;732;IN;0.023;18129;788.217.391;17901;142;15;60;11;987.423.465;0.78327542;0.08274036;0.33096144
ST JOSEPH;733;IN;0.028;247052;882.328.571;216984;24190;846;2507;2525;878.292.829;979.146.091;0.34243803;101.476.612
SCOTT;734;IN;0.011;20991;190.827.273;20850;16;25;50;50;993.282.836;0.07622314;0.11909866;0.23819732
SHELBY;735;IN;0.024;40307;167.945.833;39743;330;67;142;25;986.007.393;0.81871635;0.16622423;0.35229613
SPENCER;736;IN;0.024;19490;812.083.333;19295;111;37;33;14;989.994.869;0.56952283;0.18984094;0.1693176
STARKE;737;IN;0.019;22747;119.721.053;22446;73;86;48;94;986.767.486;0.32092144;0.37807183;0.21101684
STEUBEN;738;IN;0.021;27446;130.695.238;27146;51;64;132;53;989.069.445;0.18581943;0.23318516;0.4809444
SULLIVAN;739;IN;0.027;18993;703.444.444;18905;15;39;15;19;995.366.714;0.07897647;0.20533881;0.07897647
SWITZERLAND;740;IN;0.013;7738;595.230.769;7695;15;16;10;2;994.443.009;0.19384854;0.20677178;0.12923236
TIPPECANOE;741;IN;0.03;130598;435.326.667;122013;2660;320;4821;784;934.263.924;203.678.464;0.24502672;369.148.073
TIPTON;742;IN;0.016;16119;10.074.375;15990;10;20;51;48;991.997.022;0.06203859;0.12407718;0.3163968
UNION;743;IN;0.01;6976;697.6;6915;20;15;21;5;991.255.734;0.28669725;0.21502294;0.30103211
VANDERBURGH;744;IN;0.013;165058;126.967.692;151216;12410;284;917;231;916.138.569;751.856.923;0.17206073;0.55556229
VERMILLION;745;IN;0.016;16773;10.483.125;16690;15;32;28;8;995.051.571;0.08942944;0.19078281;0.16693495
VIGO;746;IN;0.024;106107;4.421.125;98411;5916;297;1161;322;927.469.441;557.550.397;0.27990613;109.417.852
WABASH;747;IN;0.023;35069;152.473.913;34462;138;259;123;87;982.691.266;0.39350994;0.73854401;0.35073712
WARREN;748;IN;0.021;8176;389.333.333;8140;1;17;15;3;995.596.869;0.01223092;0.20792564;0.1834638
WARRICK;749;IN;0.023;44920;195.304.348;44274;371;83;157;35;985.618.878;0.82591273;0.18477293;0.34951024
WASHINGTON;750;IN;0.03;23717;790.566.667;23625;23;28;18;23;996.120.926;0.09697685;0.11805878;0.07589493
WAYNE;751;IN;0.024;71951;299.795.833;67532;3795;153;296;175;938.583.202;527.442.287;0.21264472;0.41139109
WELLS;752;IN;0.021;25948;123.561.905;25758;10;40;41;99;992.677.663;0.03853862;0.15415446;0.15800832
WHITE;753;IN;0.03;23265;775.5;23127;2;50;41;45;994.068.343;0.0085966;0.21491511;0.17623039
WHITLEY;754;IN;0.02;27651;1382.55;27473;29;73;37;39;99.356.262;0.10487867;0.26400492;0.13381071
ALCONA;1197;MI;0.041;10145;247.439.024;10026;27;56;26;10;988.270.084;0.26614096;0.55199606;0.25628388
ALGER;1198;MI;0.051;8972;175.921.569;8422;213;304;24;9;938.698.172;237.405.261;338.831.922;0.26749889
ALLEGAN;1199;MI;0.049;90509;184.712.245;86760;1448;543;411;1347;958.578.705;15.998.409;0.59994034;0.45409849
ALPENA;1200;MI;0.034;30605;900.147.059;30372;35;93;85;20;992.386.865;0.1143604;0.30387192;0.2777324
ANTRIM;1201;MI;0.031;18185;586.612.903;17895;23;211;24;32;984.052.791;0.12647787;116.029.695;0.1319769
ARENAC;1202;MI;0.021;14931;711;14695;10;139;38;49;984.193.959;0.06697475;0.93094903;0.25450405
BARAGA;1203;MI;0.054;7954;147.296.296;6971;49;918;10;6;876.414.383;0.61604224;115.413.628;0.12572291
BARRY;1204;MI;0.034;50057;147.226.471;49429;104;188;144;192;987.454.302;0.20776315;0.37557185;0.28767205
BAY;1205;MI;0.026;111723;429.703.846;107747;1242;726;428;1580;964.411.983;111.167.799;0.64982143;0.38309032
BENZIE;1206;MI;0.02;12200;610;11863;30;237;35;35;972.377.049;0.24590164;194.262.295;0.28688525
BERRIEN;1207;MI;0.033;161378;489.024.242;133259;24872;685;1487;1075;825.756.919;154.122.619;0.42446926;0.92143911
BRANCH;1208;MI;0.029;41502;143.110.345;40278;705;221;156;142;970.507.445;169.871.332;0.53250446;0.3758855
CALHOUN;1209;MI;0.042;135982;323.766.667;118737;14383;696;1068;1098;873.181.745;105.771.352;0.51183245;0.78539807
CASS;1210;MI;0.03;49477;164.923.333;44827;3725;469;191;265;906.016.937;752.875.073;0.94791519;0.38603796
CHARLEVOIX;1211;MI;0.022;21468;975.818.182;20993;17;378;41;39;977.874.045;0.07918763;17.607.602;0.19098193
CHEBOYGAN;1212;MI;0.048;21398;445.791.667;20837;15;478;57;11;973.782.597;0.07010001;223.385.363;0.26638004
CHIPPEWA;1213;MI;0.078;34604;443.641.026;28353;2184;3820;152;95;819.356.144;631.140.909;110.391.862;0.43925558
CLARE;1214;MI;0.034;24952;733.882.353;24665;40;160;53;34;988.497.916;0.16030779;0.64123116;0.21240782
CLINTON;1215;MI;0.034;57883;170.244.118;56639;218;276;199;551;97.850.837;0.37662181;0.47682394;0.34379697
CRAWFORD;1216;MI;0.034;12260;360.588.235;11802;264;145;42;7;962.642.741;215.334.421;118.270.799;0.34257749
DELTA;1217;MI;0.069;37780;547.536.232;36819;16;809;99;37;974.563.261;0.04235045;214.134.463;0.26204341
DICKINSON;1218;MI;0.046;26831;583.282.609;26532;23;135;106;35;988.856.174;0.08572174;0.50314934;0.39506541
EATON;1219;MI;0.034;92879;273.173.529;87549;3310;438;559;1023;942.613.508;356.377.653;0.4715813;0.60185833
EMMET;1220;MI;0.027;25040;927.407.407;24122;133;683;69;33;963.338.658;0.53115016;272.763.578;0.27555911
GENESEE;1221;MI;0.037;430459;11.634.027;336651;84257;3132;2902;3517;782.074.483;195.737.573;0.72759543;0.67416409
GLADWIN;1222;MI;0.031;21896;706.322.581;21694;19;114;40;29;990.774.571;0.08677384;0.52064304;0.18268177
GOGEBIC;1223;MI;0.068;18052;265.470.588;17486;243;283;26;14;968.646.133;134.611.123;156.769.333;0.14402836
GRAND TRAVERSE;1224;MI;0.03;64273;214.243.333;63019;259;555;318;122;980.489.475;0.40296859;0.86350412;0.49476452
GRATIOT;1225;MI;0.033;38982;118.127.273;37827;328;144;98;585;97.037.094;0.84141399;0.36940126;0.25139808
HILLSDALE;1226;MI;0.034;43431;127.738.235;42919;113;143;112;144;988.211.186;0.26018282;0.3292579;0.25788032
HOUGHTON;1227;MI;0.06;35446;590.766.667;34469;158;153;610;56;972.436.946;0.44574846;0.4316425;172.092.761
HURON;1228;MI;0.05;34951;699.02;34627;22;89;60;153;990.729.879;0.06294527;0.25464221;0.17166891
INGHAM;1229;MI;0.034;281912;829.152.941;237183;27837;1941;7562;7389;841.337.013;987.435.796;0.68851273;268.239.734
IONIA;1230;MI;0.034;57024;167.717.647;53141;3003;221;120;539;931.905.864;52.662.037;0.38755612;0.21043771
IOSCO;1231;MI;0.033;30209;915.424.242;28966;632;228;269;114;958.853.322;209.209.176;0.75474196;0.89046311
IRON;1232;MI;0.07;13175;188.214.286;13028;4;102;32;9;988.842.505;0.03036053;0.77419355;0.24288425
ISABELLA;1233;MI;0.034;54624;160.658.824;52212;635;1020;456;301;955.843.585;116.249.268;186.731.107;0.83479789
JACKSON;1234;MI;0.043;149756;348.269.767;135557;11983;655;653;908;905.185.769;800.168.274;0.43737814;0.43604263
KALAMAZOO;1235;MI;0.033;223411;67.700.303;197427;19879;1017;3168;1920;883.694.178;889.795.041;0.45521483;141.801.433
KALKASKA;1236;MI;0.033;13497;409;13321;10;114;23;29;986.960.065;0.07409054;0.84463214;0.17040824
KENT;1237;MI;0.05;500631;10012.62;444112;40314;2756;5380;8069;887.104.474;805.263.757;0.55050526;10.746.438
KEWEENAW;1238;MI;0.02;1701;85.05;1688;1;4;6;2;992.357.437;0.05878895;0.23515579;0.35273369
LAKE;1239;MI;0.035;8583;245.228.571;7337;1146;81;9;10;854.829.314;133.519.748;0.94372597;0.10485844
LAPEER;1240;MI;0.038;74768;196.757.895;73049;483;319;282;635;977.008.881;0.64599829;0.42665311;0.3771667
LEELANAU;1241;MI;0.021;16527;787;15958;16;451;45;57;965.571.489;0.09681128;272.886.791;0.27228172
LENAWEE;1242;MI;0.043;91476;212.734.884;86323;1431;303;486;2933;943.668.285;156.434.475;0.33123442;0.53128689
LIVINGSTON;1243;MI;0.034;115645;340.132.353;113566;673;705;480;221;982.022.569;0.58195339;0.60962428;0.41506334
LUCE;1244;MI;0.055;5763;104.781.818;5418;2;331;6;6;940.135.346;0.03470415;574.353.635;0.10411244
MACKINAC;1245;MI;0.059;10674;180.915.254;8955;5;1691;11;12;838.954.469;0.0468428;158.422.335;0.10305415
MACOMB;1246;MI;0.028;717400;256.214.286;693686;10400;2639;9112;1563;966.944.522;14.496.794;0.36785615;127.014.218
MANISTEE;1247;MI;0.032;21265;66.453.125;20851;54;189;54;117;98.053.139;0.2539384;0.88878439;0.2539384
MARQUETTE;1248;MI;0.11;70887;644.427.273;68027;1170;943;538;209;959.654.097;16.505.142;133.028.623;0.75895439
MASON;1249;MI;0.029;25537;880.586.207;24957;155;188;75;162;977.287.857;0.60696245;0.73618671;0.29369151
MECOSTA;1250;MI;0.034;37308;109.729.412;35739;978;258;187;146;957.944.677;262.142.168;0.69154069;0.50123298
MENOMINEE;1251;MI;0.064;24920;389.375;24464;7;382;60;7;981.701.445;0.02808989;15.329.053;0.24077047
MIDLAND;1252;MI;0.031;75651;244.035.484;73466;719;334;804;328;971.117.368;0.95041705;0.4415011;106.277.511
MISSAUKEE;1253;MI;0.033;12147;368.090.909;12015;3;74;25;30;989.133.119;0.02469746;0.60920392;0.20581213
MONROE;1254;MI;0.033;133600;404.848.485;129421;2339;481;574;785;96.872.006;17.507.485;0.36002994;0.42964072
MONTCALM;1255;MI;0.042;53059;126.330.952;51216;960;384;157;342;965.265.082;180.930.662;0.72372265;0.29589702
MONTMORENCY;1256;MI;0.033;8936;270.787.879;8861;1;48;10;16;991.606.983;0.01119069;0.53715309;0.11190689
MUSKEGON;1257;MI;0.028;158983;567.796.429;133931;21617;1338;555;1542;842.423.404;135.970.513;0.84159942;0.34909393
NEWAYGO;1258;MI;0.051;38202;749.058.824;36758;468;248;103;625;962.200.932;122.506.675;0.64918067;0.26961939
OAKLAND;1259;MI;0.055;1083592;197.016.727;970674;77488;3948;25103;6379;895.792.881;715.103.102;0.36434378;231.664.686
OCEANA;1260;MI;0.03;22454;748.466.667;21211;58;242;50;893;94.464.238;0.25830587;107.775.897;0.22267747
OGEMAW;1261;MI;0.032;18681;58.378.125;18489;18;140;19;15;989.722.178;0.09635458;0.74942455;0.10170762
ONTONAGON;1262;MI;0.078;8854;113.512.821;8723;4;109;15;3;985.204.427;0.04517732;1.231.082;0.16941495
OSCEOLA;1263;MI;0.034;20146;592.529.412;19899;57;117;43;30;987.739.502;0.28293458;0.58076045;0.21344187
OSCODA;1264;MI;0.033;7842;237.636.364;7781;2;41;5;13;992.221.372;0.0255037;0.52282581;0.06375925
OTSEGO;1265;MI;0.031;17957;579.258.065;17737;18;103;82;17;98.774.851;0.10023946;0.57359247;0.45664643
OTTAWA;1266;MI;0.033;187768;568.993.939;179675;997;638;2451;4007;956.898.939;0.53097439;0.33978101;130.533.424
PRESQUE ISLE;1267;MI;0.042;13743;327.214.286;13648;11;43;30;11;99.308.739;0.08004075;0.31288656;0.21829295
ROSCOMMON;1268;MI;0.034;19776;581.647.059;19597;37;101;23;18;990.948.625;0.18709547;0.51072006;0.11630259
SAGINAW;1269;MI;0.048;211946;441.554.167;165430;36849;915;1272;7480;780.529.003;173.860.323;0.43171374;0.60015287
ST CLAIR;1270;MI;0.04;145607;3.640.175;140294;2987;745;475;1106;96.351.137;205.141.236;0.51165123;0.32622058
ST JOSEPH;1271;MI;0.029;58913;203.148.276;56661;1600;226;258;168;961.774.142;271.586.916;0.38361652;0.4379339
SANILAC;1272;MI;0.056;39928;713;39232;39;195;71;391;982.568.624;0.09767582;0.48837908;0.17782008
SCHOOLCRAFT;1273;MI;0.075;8302;110.693.333;7755;7;519;13;8;934.112.262;0.08431703;625.150.566;0.15658877
SHIAWASSEE;1274;MI;0.031;69770;225.064.516;68686;93;397;223;371;984.463.236;0.13329511;0.56901247;0.31962161
TUSCOLA;1275;MI;0.048;55498;115.620.833;54051;478;345;206;418;973.926.988;0.8612923;0.62164402;0.37118455
VAN BUREN;1276;MI;0.037;70060;189.351.351;63189;4690;646;217;1318;90.192.692;669.426.206;0.9220668;0.30973451
WASHTENAW;1277;MI;0.041;282937;690.090.244;236390;31720;1076;11724;2027;835.486.345;112.109.763;0.38029667;414.367.863
WAYNE;1278;MI;0.035;2111687;603.339.143;1212007;849109;8048;21704;20819;573.952.011;402.099.838;0.38111709;102.780.384
WEXFORD;1279;MI;0.034;26360;775.294.118;26040;34;178;87;21;987.860.395;0.12898331;0.67526555;0.33004552
ADAMS;2009;OH;0.035;25371;724.885.714;25212;47;67;30;15;993.733.002;0.18525088;0.26408104;0.11824524
ALLEN;2010;OH;0.024;109755;4.573.125;96177;12313;202;572;491;876.288.096;112.186.233;0.18404628;0.52116077
ASHLAND;2011;OH;0.025;47507;1900.28;46686;460;49;271;41;982.718.336;0.96827836;0.10314269;0.57044225
ASHTABULA;2012;OH;0.041;99821;243.465.854;95465;3138;196;350;672;956.361.888;314.362.709;0.19635147;0.35062762
ATHENS;2013;OH;0.03;59549;198.496.667;56163;1678;167;1374;167;943.139.263;281.784.749;0.28044132;230.734.353
AUGLAIZE;2014;OH;0.024;44585;185.770.833;44225;66;50;177;67;991.925.535;0.14803185;0.11214534;0.3969945
BELMONT;2015;OH;0.031;71074;229.270.968;69520;1308;81;129;36;978.135.464;184.033.543;0.11396573;0.18150097
BROWN;2016;OH;0.028;34966;124.878.571;34487;406;28;30;15;986.300.978;116.112.795;0.08007779;0.08579763
BUTLER;2017;OH;0.028;291479;104.099.643;274892;13134;379;2659;415;943.093.671;450.598.499;0.13002652;0.91224411
CARROLL;2018;OH;0.024;26521;110.504.167;26254;135;65;29;38;989.932.506;0.50903058;0.2450888;0.10934731
CHAMPAIGN;2019;OH;0.026;36019;138.534.615;34698;992;68;113;148;963.324.912;2.754.102;0.18878925;0.31372331
CLARK;2020;OH;0.024;147548;614.783.333;133242;13031;294;653;328;903.041.722;883.170.223;0.19925719;0.44256784
CLERMONT;2021;OH;0.026;150187;577.642.308;148084;1291;218;453;141;985.997.457;0.85959504;0.14515238;0.30162398
CLINTON;2022;OH;0.024;35415;1.475.625;34471;716;59;138;31;973.344.628;20.217.422;0.16659608;0.3896654
COLUMBIANA;2023;OH;0.031;108276;349.277.419;106369;1409;174;219;105;982.387.602;130.130.407;0.16070043;0.20226089
COSHOCTON;2024;OH;0.034;35427;104.197.059;34819;415;68;112;13;982.837.948;117.142.293;0.191944;0.31614305
CRAWFORD;2025;OH;0.023;47870;208.130.435;47361;253;67;116;73;989.367.036;0.52851473;0.1399624;0.24232296
CUYAHOGA;2026;OH;0.026;1412140;543.130.769;1025756;350185;2533;18085;15581;72.638.407;247.981.787;0.17937315;128.068.039
DARKE;2027;OH;0.036;53619;148.941.667;53067;184;96;114;158;989.705.142;0.34316194;0.17904101;0.2126112
DEFIANCE;2028;OH;0.023;39350;171.086.957;36962;493;80;121;1694;93.931.385;125.285.896;0.20330368;0.30749682
DELAWARE;2029;OH;0.027;66929;247.885.185;64888;1424;104;385;128;969.504.998;212.762.778;0.15538855;0.57523644
ERIE;2030;OH;0.014;76779;548.421.429;69613;6312;150;265;439;906.667.188;822.099.793;0.19536592;0.34514646
FAIRFIELD;2031;OH;0.029;103461;356.762.069;101610;1153;193;378;127;982.109.201;111.442.959;0.18654372;0.36535506
FAYETTE;2032;OH;0.024;27466;114.441.667;26593;662;50;102;59;968.215.248;241.025.268;0.18204325;0.37136824
FRANKLIN;2033;OH;0.034;961437;282.775.588;783714;152840;2056;19437;3390;815.148.574;158.970.375;0.21384657;202.166.133
FULTON;2034;OH;0.025;38498;1539.92;37097;93;62;137;1109;963.608.499;0.24157099;0.16104733;0.35586264
GALLIA;2035;OH;0.026;30954;119.053.846;29831;871;79;136;37;963.720.359;281.385.281;0.25521742;0.43936163
GEAUGA;2036;OH;0.024;81129;3.380.375;79629;1056;83;312;49;981.510.927;130.163.074;0.1023062;0.38457272
GREENE;2037;OH;0.025;136731;5469.24;124081;9611;398;2133;508;907.482.575;702.913.019;0.29108249;155.999.737
GUERNSEY;2038;OH;0.032;39024;1219.5;38166;616;70;141;31;97.801.353;157.851.579;0.17937679;0.36131611
HAMILTON;2039;OH;0.025;866228;34649.12;672972;181145;1204;9198;1709;776.899.384;209.119.308;0.13899343;106.184.515
HANCOCK;2040;OH;0.031;65536;211.406.452;63572;591;91;401;881;970.031.738;0.90179443;0.13885498;0.61187744
HARDIN;2041;OH;0.028;31111;111.110.714;30661;236;66;115;33;985.535.663;0.75857414;0.21214361;0.36964418
HARRISON;2042;OH;0.025;16085;643.4;15645;393;22;15;10;972.645.322;244.327.013;0.13677339;0.09325459
HENRY;2043;OH;0.025;29108;1164.32;27951;147;53;95;862;960.251.477;0.5050158;0.18208053;0.32637076
HIGHLAND;2044;OH;0.034;35728;105.082.353;34876;692;73;71;16;976.153.157;193.685.625;0.20432154;0.19872369
HOCKING;2045;OH;0.024;25533;1.063.875;25199;234;55;25;20;986.918.889;0.91646105;0.21540751;0.09791251
HOLMES;2046;OH;0.025;32849;1313.96;32706;52;24;43;24;995.646.747;0.1583001;0.07306158;0.13090201
HURON;2047;OH;0.03;56240;187.466.667;54982;597;85;153;423;977.631.579;106.152.205;0.15113798;0.27204836
JACKSON;2048;OH;0.024;30230;125.958.333;29895;218;53;39;25;988.918.293;0.72113794;0.17532253;0.12901092
JEFFERSON;2049;OH;0.022;80298;364.990.909;75270;4488;167;266;107;937.383.247;55.891.803;0.20797529;0.33126603
KNOX;2050;OH;0.03;47473;158.243.333;46747;381;93;195;57;984.707.097;0.80256146;0.19590083;0.4107598
LAKE;2051;OH;0.013;215499;165.768.462;209879;3528;250;1447;395;973.920.993;163.713.057;0.11600982;0.67146483
LAWRENCE;2052;OH;0.026;61834;237.823.077;60115;1559;57;75;28;972.199.761;252.126.662;0.09218229;0.12129249
LICKING;2053;OH;0.04;128300;3207.5;125181;2217;247;475;180;97.568.979;172.798.129;0.19251754;0.37022603
LOGAN;2054;OH;0.027;42310;156.703.704;41156;804;58;240;52;972.725.124;190.025.999;0.13708343;0.56724179
LORAIN;2055;OH;0.029;271126;934.917.241;241549;21230;738;1479;6130;890.910.499;783.030.768;0.27219817;0.54550283
LUCAS;2056;OH;0.021;462361;220.171.905;380155;68456;1164;4981;7605;822.203.862;14.805.747;0.25175134;107.729.674
MADISON;2057;OH;0.028;37068;132.385.714;33947;2764;96;157;104;915.803.388;745.656.631;0.25898349;0.42354592
MAHONING;2058;OH;0.024;264806;110.335.833;221109;39681;444;985;2587;834.984.857;149.849.324;0.16766992;0.37197042
MARION;2059;OH;0.024;64274;267.808.333;60948;2707;148;285;186;948.252.793;421.165.635;0.23026418;0.44341413
MEDINA;2060;OH;0.025;122354;4894.16;120504;850;172;684;144;984.879.939;0.69470553;0.14057571;0.55903362
MEIGS;2061;OH;0.025;22987;919.48;22734;177;44;20;12;988.993.779;0.77000044;0.19141254;0.0870057
MERCER;2062;OH;0.028;39443;140.867.857;39131;14;85;100;113;992.089.851;0.03549426;0.21550085;0.25353041
MIAMI;2063;OH;0.024;93182;388.258.333;90519;1779;158;606;120;971.421.519;190.916.701;0.16956064;0.65034019
MONROE;2064;OH;0.026;15497;596.038.462;15437;19;26;12;3;996.128.283;0.12260438;0.16777441;0.07743434
MONTGOMERY;2065;OH;0.027;573809;212.521.852;463551;101817;1065;5886;1490;807.848.953;177.440.577;0.18560183;102.577.687
MORGAN;2066;OH;0.025;14194;567.76;13524;570;64;12;24;952.796.956;401.578.132;0.45089474;0.08454276
MORROW;2067;OH;0.024;27749;115.620.833;27579;64;49;38;19;993.873.653;0.23063894;0.17658294;0.13694187
MUSKINGUM;2068;OH;0.041;82068;200.165.854;78125;3468;214;152;109;951.954.477;4.225.764;0.26075937;0.18521226
NOBLE;2069;OH;0.024;11336;472.333.333;11301;7;15;9;4;996.912.491;0.06175018;0.13232181;0.07939308
OTTAWA;2070;OH;0.016;40029;25.018.125;39029;265;51;94;590;975.018.112;0.66202004;0.12740763;0.23482975
PAULDING;2071;OH;0.025;20488;819.52;19920;236;54;20;258;972.276.455;115.189.379;0.26356892;0.09761812
PERRY;2072;OH;0.023;31557;137.204.348;31408;57;46;21;25;995.278.385;0.18062553;0.14576798;0.06654625
PICKAWAY;2073;OH;0.03;48255;1608.5;44867;3036;127;95;130;929.789.659;6.291.576;0.26318516;0.19687079
PIKE;2074;OH;0.026;24249;932.653.846;23807;327;72;41;2;981.772.444;134.850.922;0.29691946;0.16907914
PORTAGE;2075;OH;0.03;142585;475.283.333;136998;3906;292;1191;198;960.816.355;273.941.859;0.20479013;0.83529123
PREBLE;2076;OH;0.025;40113;1604.52;39819;147;53;65;29;992.670.705;0.36646474;0.13212674;0.16204223
PUTNAM;2077;OH;0.029;33819;116.617.241;33197;26;44;25;527;981.607.972;0.07687986;0.13010438;0.07392294
RICHLAND;2078;OH;0.029;126137;434.955.172;115078;9981;223;578;277;912.325.487;791.282.494;0.1767919;0.45823192
ROSS;2079;OH;0.041;69330;169.097.561;64362;4467;155;266;80;928.342.709;644.309.823;0.22356844;0.38367229
SANDUSKY;2080;OH;0.024;61963;258.179.167;58282;1553;94;142;1892;94.059.358;250.633.443;0.15170344;0.22916902
SCIOTO;2081;OH;0.035;80327;229.505.714;77253;2458;409;126;81;961.731.423;305.999.228;0.50916877;0.15685884
SENECA;2082;OH;0.033;59733;181.009.091;57474;1172;90;234;763;962.181.709;196.206.452;0.15067048;0.39174326
SHELBY;2083;OH;0.025;44915;1796.6;43789;615;49;393;69;974.930.424;136.925.303;0.10909496;0.87498608
STARK;2084;OH;0.034;367585;108.113.235;339421;25052;950;1529;633;923.380.987;681.529.442;0.25844363;0.41595821
SUMMIT;2085;OH;0.024;514990;214.579.167;446902;61185;1065;4989;849;867.787.724;118.808.132;0.20680013;0.96875667
TRUMBULL;2086;OH;0.037;227813;615.710.811;210915;15221;341;973;363;925.825.129;668.135.708;0.14968417;0.42710469
TUSCARAWAS;2087;OH;0.034;84090;247.323.529;83107;623;138;187;35;988.310.144;0.74087287;0.16410988;0.22238078
UNION;2088;OH;0.026;31969;122.957.692;30563;1168;57;132;49;956.019.894;365.353.937;0.17829773;0.4129
VAN WERT;2089;OH;0.024;30464;126.933.333;29900;193;31;78;262;981.486.345;0.63353466;0.10175945;0.25603992
VINTON;2090;OH;0.024;11098;462.416.667;11071;4;16;3;4;997.567.129;0.03604253;0.14417012;0.0270319
WARREN;2091;OH;0.023;113909;495.256.522;110526;2415;231;627;110;970.300.854;212.011.342;0.20279346;0.55043939
WASHINGTON;2092;OH;0.038;62254;163.826.316;61129;774;111;185;55;981.928.872;12.432.936;0.1783018;0.29716966
WAYNE;2093;OH;0.033;101461;307.457.576;99131;1557;130;535;108;977.035.511;153.457.979;0.12812805;0.5272962
WILLIAMS;2094;OH;0.025;36956;1478.24;36366;23;46;127;394;984.035.069;0.06223617;0.12447235;0.34365191
WOOD;2095;OH;0.037;113269;306.132.432;109303;1168;197;1028;1573;964.986.007;103.117.358;0.17392226;0.90757401
WYANDOT;2096;OH;0.024;22254;927.25;22087;20;20;65;62;992.495.731;0.08987148;0.08987148;0.29208232
ADAMS;2981;WI;0.041;15682;382.487.805;15001;375;125;56;125;956.574.417;239.127.662;0.79709221;0.35709731
ASHLAND;2982;WI;0.054;16307;301.981.481;14749;17;1478;46;17;904.458.208;0.10424971;906.359.232;0.28208745
BARRON;2983;WI;0.053;40750;768.867.925;40346;40;209;95;60;99.008.589;0.09815951;0.51288344;0.23312883
BAYFIELD;2984;WI;0.089;14008;157.393.258;12707;29;1240;24;8;9.071.245;0.20702456;885.208.452;0.17133067
BROWN;2985;WI;0.032;194594;60.810.625;186621;1012;3869;2522;570;959.027.514;0.52005714;198.824.219;129.603.174
BUFFALO;2986;WI;0.04;13584;339.6;13521;5;22;29;7;995.362.191;0.03680801;0.16195524;0.21348645
BURNETT;2987;WI;0.053;13084;246.867.925;12497;22;532;24;9;955.136.044;0.1681443;406.603.485;0.18343014
CALUMET;2988;WI;0.023;34291;149.091.304;33910;29;146;173;33;988.889.213;0.0845703;0.42576769;0.50450556
CHIPPEWA;2989;WI;0.063;52360;831.111.111;51854;31;150;276;49;990.336.134;0.0592055;0.28647823;0.52711994
CLARK;2990;WI;0.072;31647;439.541.667;31437;29;91;38;52;9.933.643;0.09163586;0.287547;0.12007457
COLUMBIA;2991;WI;0.046;45088;980.173.913;44469;243;136;136;104;986.271.292;0.53894606;0.30163236;0.30163236
CRAWFORD;2992;WI;0.035;15940;455.428.571;15791;50;26;56;17;990.652.447;0.31367629;0.16311167;0.35131744
DANE;2993;WI;0.073;367085;502.856.164;344617;10511;1201;8666;2090;938.793.467;286.336.952;0.32717218;236.076.113
DODGE;2994;WI;0.054;76559;141.775.926;74700;1142;215;197;305;975.718.074;149.166.003;0.28082916;0.25731789
DOOR;2995;WI;0.028;25690;917.5;25387;29;178;47;49;988.205.527;0.11288439;0.69287661;0.18295056
DOUGLAS;2996;WI;0.078;41758;535.358.974;40454;170;805;266;63;968.772.451;0.40710762;192.777.432;0.63700369
DUNN;2997;WI;0.052;35909;690.557.692;34929;172;95;633;80;972.708.792;0.47898855;0.26455763;176.278.927
EAU CLAIRE;2998;WI;0.038;85183;224.165.789;82202;238;467;2124;152;965.004.754;0.27939847;0.54823145;249.345.527
FLORENCE;2999;WI;0.03;4590;153;4562;4;14;4;6;993.899.782;0.08714597;0.30501089;0.08714597
FOND DU LAC;3000;WI;0.044;90083;204.734.091;88760;257;297;448;321;985.313.544;0.28529245;0.32969595;0.49731914
FOREST;3001;WI;0.06;8776;146.266.667;7842;127;780;14;13;893.573.382;144.712.853;888.787.603;0.15952598
GRANT;3002;WI;0.069;49264;713.971.014;48838;76;76;234;40;991.352.712;0.15427087;0.15427087;0.47499188
GREEN;3003;WI;0.034;30339;892.323.529;30173;23;51;66;26;994.528.495;0.07581001;0.16810046;0.21754178
GREEN LAKE;3004;WI;0.022;18651;847.772.727;18386;21;42;103;99;985.791.647;0.1125945;0.225189;0.55224921
IOWA;3005;WI;0.046;20150;438.043.478;20093;7;21;19;10;997.171.216;0.03473945;0.10421836;0.0942928
IRON;3006;WI;0.047;6153;130.914.894;6121;1;25;2;4;994.799.285;0.01625223;0.40630587;0.03250447
JACKSON;3007;WI;0.06;16588;276.466.667;15814;47;674;30;23;953.339.764;0.28333735;40.631.782;0.18085363
JEFFERSON;3008;WI;0.035;67783;193.665.714;66702;189;176;287;429;984.052.048;0.27883098;0.25965213;0.42341
JUNEAU;3009;WI;0.047;21650;460.638.298;21307;31;166;78;68;984.157.044;0.14318707;0.76674365;0.36027714
KENOSHA;3010;WI;0.016;128181;80.113.125;119187;5295;472;669;2558;929.833.595;413.087.743;0.3682293;0.52191823
KEWAUNEE;3011;WI;0.02;18878;943.9;18766;24;52;23;13;994.067.168;0.12713211;0.27545291;0.12183494
LA CROSSE;3012;WI;0.028;97904;349.657.143;94319;438;340;2667;140;963.382.497;0.44737702;0.34727897;272.409.707
LAFAYETTE;3013;WI;0.037;16076;434.486.486;16009;14;21;19;13;995.832.297;0.08708634;0.13062951;0.1181886
LANGLADE;3014;WI;0.052;19505;375.096.154;19291;13;137;22;42;989.028.454;0.06664958;0.702384;0.11279159
LINCOLN;3015;WI;0.053;26993;509.301.887;26712;84;96;78;23;989.589.894;0.31119179;0.35564776;0.28896381
MANITOWOC;3016;WI;0.036;80421;223.391.667;78730;115;318;1071;187;978.973.154;0.14299748;0.39541911;133.174.171
MARATHON;3017;WI;0.094;115400;122.765.957;112189;89;490;2499;133;972.175.043;0.07712305;0.42461005;216.551.127
MARINETTE;3018;WI;0.082;40548;494.487.805;40280;8;150;63;47;993.390.549;0.0197297;0.36993193;0.15537141
MARQUETTE;3019;WI;0.027;12321;456.333.333;12174;31;49;18;49;98.806.915;0.25160295;0.39769499;0.14609204
MENOMINEE;3020;WI;0.021;3890;185.238.095;416;0;3469;0;5;106.940.874;0;891.773.779;0
MILWAUKEE;3021;WI;0.015;959275;639.516.667;718918;195470;6994;15308;22585;749.438.899;203.768.471;0.72909228;159.578.849
MONROE;3022;WI;0.054;36633;678.388.889;35983;141;301;143;65;982.256.435;0.38489886;0.82166353;0.39035842
OCONTO;3023;WI;0.06;30226;503.766.667;29926;18;212;36;34;99.007.477;0.05955138;0.70138292;0.11910276
ONEIDA;3024;WI;0.071;31679;446.183.099;31320;58;223;56;22;988.667.572;0.18308659;0.70393636;0.17677326
OUTAGAMIE;3025;WI;0.037;140510;379.756.757;136043;206;1965;1904;392;968.208.668;0.14660878;139.847.698;13.550.637
OZAUKEE;3026;WI;0.015;72831;4855.4;71676;492;127;438;98;984.141.368;0.67553652;0.1743763;0.60139226
PEPIN;3027;WI;0.014;7107;507.642.857;7070;2;18;9;8;994.793.865;0.02814127;0.25327142;0.12663571
PIERCE;3028;WI;0.034;32765;963.676.471;32366;82;87;172;58;987.822.371;0.25026705;0.26552724;0.5249504
POLK;3029;WI;0.055;34773;632.236.364;34348;23;321;50;31;987.777.874;0.06614327;0.92313001;0.14378972
PORTAGE;3030;WI;0.048;61405;127.927.083;59972;161;255;786;231;976.663.138;0.26219363;0.41527563;128.002.606
PRICE;3031;WI;0.075;15600;208;15479;7;77;27;10;99.224.359;0.04487179;0.49358974;0.17307692
RACINE;3032;WI;0.02;175034;8751.7;152098;16999;521;1004;4412;868.962.602;971.182.742;0.29765646;0.57360284
RICHLAND;3033;WI;0.034;17521;515.323.529;17411;12;34;38;26;99.372.182;0.06848924;0.19405285;0.2168826
ROCK;3034;WI;0.042;139510;332.166.667;130803;6638;369;985;715;937.588.703;475.808.186;0.26449717;0.70604258
RUSK;3035;WI;0.055;15079;274.163.636;14821;31;82;114;31;982.890.112;0.20558392;0.54380264;0.7560183
ST CROIX;3036;WI;0.044;50251;114.206.818;49895;44;121;148;43;992.915.564;0.08756045;0.24079123;0.2945215
SAUK;3037;WI;0.05;46975;939.5;46459;54;288;79;95;989.015.434;0.11495476;0.61309207;0.16817456
SAWYER;3038;WI;0.079;14181;179.506.329;11962;18;2167;15;19;843.523.024;0.1269304;152.810.098;0.10577533
SHAWANO;3039;WI;0.054;37157;688.092.593;35251;42;1762;70;32;948.704.147;0.11303388;474.204.053;0.18838981
SHEBOYGAN;3040;WI;0.032;103877;324.615.625;100389;430;357;2061;640;966.421.826;0.41395112;0.34367569;198.407.732
TAYLOR;3041;WI;0.057;18901;331.596.491;18807;2;39;44;9;995.026.718;0.01058145;0.20633829;0.23279192
TREMPEALEAU;3042;WI;0.043;25263;587.511.628;25160;12;32;46;13;995.922.891;0.0475003;0.12666746;0.18208447
VERNON;3043;WI;0.048;25617;5.336.875;25509;12;36;42;18;99.578.405;0.04684389;0.14053168;0.16395362
VILAS;3044;WI;0.06;17707;295.116.667;16116;9;1534;38;10;910.148.529;0.05082736;866.324.053;0.21460439
WALWORTH;3045;WI;0.032;75000;2343.75;72747;454;201;494;1104;96.996;0.60533333;0.268;0.65866667
WASHBURN;3046;WI;0.05;13772;275.44;13585;25;122;33;7;986.421.725;0.18152774;0.88585536;0.23961661
WASHINGTON;3047;WI;0.025;95328;3813.12;94465;125;208;337;193;990.947.046;0.13112622;0.21819402;0.35351628
WAUKESHA;3048;WI;0.034;304715;896.220.588;298313;1096;672;2699;1935;978.990.204;0.35968036;0.22053394;0.8857457
WAUPACA;3049;WI;0.045;46104;102.453.333;45695;22;125;92;170;991.128.752;0.0477182;0.27112615;0.19954885
WAUSHARA;3050;WI;0.037;19385;523.918.919;19094;29;70;43;149;984.988.393;0.14960021;0.36110395;0.221821
WINNEBAGO;3051;WI;0.035;140320;400.914.286;136822;697;685;1728;388;975.071.266;0.49672178;0.4881699;123.147.092
WOOD;3052;WI;0.048;73605;15.334.375;72157;90;481;722;155;980.327.423;0.1222743;0.65348821;0.98091162
